timestamp,sensor_id,zone_id,pipeline_segment_id,pressure,flow_rate,temperature,sensor_health
2026-09-08T08:00:00,A1,Zone_A,R-A1,4.276,88.733,19.44,HEALTHY
2026-09-08T08:00:00,A2,Zone_A,A1-A2,4.302,78.138,19.54,HEALTHY
2026-09-08T08:00:00,A3,Zone_A,A2-A3,3.777,66.441,19.4,HEALTHY
2026-09-08T08:00:00,B1,Zone_B,R-B1,4.278,184.668,19.3,HEALTHY
2026-09-08T08:00:00,B2,Zone_B,B1-B2,4.349,165.966,19.58,HEALTHY
2026-09-08T08:00:00,B3,Zone_B,B2-B3,3.846,166.914,19.46,HEALTHY
2026-09-08T08:00:00,B4,Zone_B,B3-B4,4.098,137.423,19.48,HEALTHY
2026-09-08T08:00:00,C1,Zone_C,R-C1,3.839,103.3,19.48,HEALTHY
2026-09-08T08:00:00,C2,Zone_C,C1-C2,3.779,99.032,19.4,HEALTHY
2026-09-08T08:00:00,C3,Zone_C,C2-C3,3.678,86.788,19.66,HEALTHY
2026-09-08T08:01:00,A1,Zone_A,R-A1,4.214,94.672,19.59,HEALTHY
2026-09-08T08:01:00,A2,Zone_A,A1-A2,4.248,78.719,19.45,HEALTHY
2026-09-08T08:01:00,A3,Zone_A,A2-A3,3.775,67.748,19.64,HEALTHY
2026-09-08T08:01:00,B1,Zone_B,R-B1,4.357,182.534,19.35,HEALTHY
2026-09-08T08:01:00,B2,Zone_B,B1-B2,4.403,170.473,19.55,HEALTHY
2026-09-08T08:01:00,B3,Zone_B,B2-B3,4.001,166.763,19.49,HEALTHY
2026-09-08T08:01:00,B4,Zone_B,B3-B4,3.94,132.747,19.51,HEALTHY
2026-09-08T08:01:00,C1,Zone_C,R-C1,3.788,104.27,19.38,HEALTHY
2026-09-08T08:01:00,C2,Zone_C,C1-C2,3.659,100.013,19.42,HEALTHY
2026-09-08T08:01:00,C3,Zone_C,C2-C3,3.724,85.165,19.44,HEALTHY
2026-09-08T08:02:00,A1,Zone_A,R-A1,4.337,92.096,19.56,HEALTHY
2026-09-08T08:02:00,A2,Zone_A,A1-A2,4.426,78.79,19.47,HEALTHY
2026-09-08T08:02:00,A3,Zone_A,A2-A3,3.834,68.06,19.64,HEALTHY
2026-09-08T08:02:00,B1,Zone_B,R-B1,4.454,179.495,19.37,HEALTHY
2026-09-08T08:02:00,B2,Zone_B,B1-B2,4.458,174.439,19.52,HEALTHY
2026-09-08T08:02:00,B3,Zone_B,B2-B3,4.039,162.738,19.58,HEALTHY
2026-09-08T08:02:00,B4,Zone_B,B3-B4,4.06,138.037,19.41,HEALTHY
2026-09-08T08:02:00,C1,Zone_C,R-C1,3.704,104.223,19.53,HEALTHY
2026-09-08T08:02:00,C2,Zone_C,C1-C2,3.92,98.713,19.36,HEALTHY
2026-09-08T08:02:00,C3,Zone_C,C2-C3,3.602,86.532,19.57,HEALTHY
2026-09-08T08:03:00,A1,Zone_A,R-A1,4.297,94.251,19.6,HEALTHY
2026-09-08T08:03:00,A2,Zone_A,A1-A2,4.186,80.35,19.54,HEALTHY
2026-09-08T08:03:00,A3,Zone_A,A2-A3,3.835,67.445,19.59,HEALTHY
2026-09-08T08:03:00,B1,Zone_B,R-B1,4.303,186.011,19.55,HEALTHY
2026-09-08T08:03:00,B2,Zone_B,B1-B2,4.566,171.619,19.63,HEALTHY
2026-09-08T08:03:00,B3,Zone_B,B2-B3,4.047,163.467,19.48,HEALTHY
2026-09-08T08:03:00,B4,Zone_B,B3-B4,3.882,136.506,19.46,HEALTHY
2026-09-08T08:03:00,C1,Zone_C,R-C1,3.847,104.556,19.39,HEALTHY
2026-09-08T08:03:00,C2,Zone_C,C1-C2,3.894,102.198,19.64,HEALTHY
2026-09-08T08:03:00,C3,Zone_C,C2-C3,3.581,85.801,19.59,HEALTHY
2026-09-08T08:04:00,A1,Zone_A,R-A1,4.307,92.249,19.53,HEALTHY
2026-09-08T08:04:00,A2,Zone_A,A1-A2,4.371,83.5,19.6,HEALTHY
2026-09-08T08:04:00,A3,Zone_A,A2-A3,3.737,69.922,19.5,HEALTHY
2026-09-08T08:04:00,B1,Zone_B,R-B1,4.276,190.19,19.36,HEALTHY
2026-09-08T08:04:00,B2,Zone_B,B1-B2,4.443,179.712,19.54,HEALTHY
2026-09-08T08:04:00,B3,Zone_B,B2-B3,3.939,166.321,19.46,HEALTHY
2026-09-08T08:04:00,B4,Zone_B,B3-B4,3.976,141.308,19.57,HEALTHY
2026-09-08T08:04:00,C1,Zone_C,R-C1,3.718,104.022,19.45,HEALTHY
2026-09-08T08:04:00,C2,Zone_C,C1-C2,3.787,101.461,19.54,HEALTHY
2026-09-08T08:04:00,C3,Zone_C,C2-C3,3.528,88.281,19.56,HEALTHY
2026-09-08T08:05:00,A1,Zone_A,R-A1,4.278,95.026,19.66,HEALTHY
2026-09-08T08:05:00,A2,Zone_A,A1-A2,4.294,81.217,19.47,HEALTHY
2026-09-08T08:05:00,A3,Zone_A,A2-A3,3.898,68.855,19.32,HEALTHY
2026-09-08T08:05:00,B1,Zone_B,R-B1,4.454,186.533,19.56,HEALTHY
2026-09-08T08:05:00,B2,Zone_B,B1-B2,4.252,177.784,19.47,HEALTHY
2026-09-08T08:05:00,B3,Zone_B,B2-B3,3.941,163.408,19.52,HEALTHY
2026-09-08T08:05:00,B4,Zone_B,B3-B4,4.07,137.991,19.62,HEALTHY
2026-09-08T08:05:00,C1,Zone_C,R-C1,3.749,105.138,19.65,HEALTHY
2026-09-08T08:05:00,C2,Zone_C,C1-C2,3.666,98.532,19.63,HEALTHY
2026-09-08T08:05:00,C3,Zone_C,C2-C3,3.596,88.209,19.46,HEALTHY
2026-09-08T08:06:00,A1,Zone_A,R-A1,4.377,92.995,19.73,HEALTHY
2026-09-08T08:06:00,A2,Zone_A,A1-A2,4.226,81.545,19.52,HEALTHY
2026-09-08T08:06:00,A3,Zone_A,A2-A3,3.646,68.495,19.48,HEALTHY
2026-09-08T08:06:00,B1,Zone_B,R-B1,4.398,185.545,19.69,HEALTHY
2026-09-08T08:06:00,B2,Zone_B,B1-B2,4.504,176.825,19.57,HEALTHY
2026-09-08T08:06:00,B3,Zone_B,B2-B3,3.949,160.493,19.64,HEALTHY
2026-09-08T08:06:00,B4,Zone_B,B3-B4,3.828,133.217,19.49,HEALTHY
2026-09-08T08:06:00,C1,Zone_C,R-C1,3.769,103.577,19.56,HEALTHY
2026-09-08T08:06:00,C2,Zone_C,C1-C2,3.795,101.696,19.42,HEALTHY
2026-09-08T08:06:00,C3,Zone_C,C2-C3,3.576,89.085,19.51,HEALTHY
2026-09-08T08:07:00,A1,Zone_A,R-A1,4.247,92.418,19.65,HEALTHY
2026-09-08T08:07:00,A2,Zone_A,A1-A2,4.141,78.27,19.3,HEALTHY
2026-09-08T08:07:00,A3,Zone_A,A2-A3,3.718,69.255,19.6,HEALTHY
2026-09-08T08:07:00,B1,Zone_B,R-B1,4.38,185.747,19.5,HEALTHY
2026-09-08T08:07:00,B2,Zone_B,B1-B2,4.427,171.537,19.39,HEALTHY
2026-09-08T08:07:00,B3,Zone_B,B2-B3,4.062,162.952,19.55,HEALTHY
2026-09-08T08:07:00,B4,Zone_B,B3-B4,3.91,135.177,19.51,HEALTHY
2026-09-08T08:07:00,C1,Zone_C,R-C1,3.781,104.309,19.48,HEALTHY
2026-09-08T08:07:00,C2,Zone_C,C1-C2,3.675,96.256,19.74,HEALTHY
2026-09-08T08:07:00,C3,Zone_C,C2-C3,3.549,88.058,19.53,HEALTHY
2026-09-08T08:08:00,A1,Zone_A,R-A1,4.468,88.372,19.42,HEALTHY
2026-09-08T08:08:00,A2,Zone_A,A1-A2,4.199,82.891,19.59,HEALTHY
2026-09-08T08:08:00,A3,Zone_A,A2-A3,3.933,68.839,19.46,HEALTHY
2026-09-08T08:08:00,B1,Zone_B,R-B1,4.263,187.788,19.69,HEALTHY
2026-09-08T08:08:00,B2,Zone_B,B1-B2,4.406,171.015,19.45,HEALTHY
2026-09-08T08:08:00,B3,Zone_B,B2-B3,3.917,166.428,19.42,HEALTHY
2026-09-08T08:08:00,B4,Zone_B,B3-B4,4.044,136.47,19.43,HEALTHY
2026-09-08T08:08:00,C1,Zone_C,R-C1,3.821,101.077,19.55,HEALTHY
2026-09-08T08:08:00,C2,Zone_C,C1-C2,3.737,93.292,19.45,HEALTHY
2026-09-08T08:08:00,C3,Zone_C,C2-C3,3.449,86.959,19.38,HEALTHY
2026-09-08T08:09:00,A1,Zone_A,R-A1,4.284,94.371,19.61,HEALTHY
2026-09-08T08:09:00,A2,Zone_A,A1-A2,4.224,81.127,19.48,HEALTHY
2026-09-08T08:09:00,A3,Zone_A,A2-A3,3.791,69.616,19.49,HEALTHY
2026-09-08T08:09:00,B1,Zone_B,R-B1,4.347,185.864,19.46,HEALTHY
2026-09-08T08:09:00,B2,Zone_B,B1-B2,4.414,175.126,19.47,HEALTHY
2026-09-08T08:09:00,B3,Zone_B,B2-B3,3.958,166.361,19.67,HEALTHY
2026-09-08T08:09:00,B4,Zone_B,B3-B4,4.097,136.014,19.41,HEALTHY
2026-09-08T08:09:00,C1,Zone_C,R-C1,3.851,105.297,19.46,HEALTHY
2026-09-08T08:09:00,C2,Zone_C,C1-C2,3.68,99.519,19.39,HEALTHY
2026-09-08T08:09:00,C3,Zone_C,C2-C3,3.533,87.925,19.53,HEALTHY
2026-09-08T08:10:00,A1,Zone_A,R-A1,4.299,91.945,19.6,HEALTHY
2026-09-08T08:10:00,A2,Zone_A,A1-A2,4.453,78.974,19.38,HEALTHY
2026-09-08T08:10:00,A3,Zone_A,A2-A3,3.688,64.357,19.52,HEALTHY
2026-09-08T08:10:00,B1,Zone_B,R-B1,4.448,186.216,19.52,HEALTHY
2026-09-08T08:10:00,B2,Zone_B,B1-B2,4.319,178.385,19.52,HEALTHY
2026-09-08T08:10:00,B3,Zone_B,B2-B3,3.976,166.513,19.61,HEALTHY
2026-09-08T08:10:00,B4,Zone_B,B3-B4,4.111,134.195,19.59,HEALTHY
2026-09-08T08:10:00,C1,Zone_C,R-C1,3.667,103.904,19.67,HEALTHY
2026-09-08T08:10:00,C2,Zone_C,C1-C2,3.715,96.134,19.58,HEALTHY
2026-09-08T08:10:00,C3,Zone_C,C2-C3,3.647,86.638,19.39,HEALTHY
2026-09-08T08:11:00,A1,Zone_A,R-A1,4.277,93.264,19.42,HEALTHY
2026-09-08T08:11:00,A2,Zone_A,A1-A2,4.245,80.174,19.45,HEALTHY
2026-09-08T08:11:00,A3,Zone_A,A2-A3,3.599,65.83,19.38,HEALTHY
2026-09-08T08:11:00,B1,Zone_B,R-B1,4.316,180.371,19.68,HEALTHY
2026-09-08T08:11:00,B2,Zone_B,B1-B2,4.43,172.026,19.43,HEALTHY
2026-09-08T08:11:00,B3,Zone_B,B2-B3,4.025,162.286,19.57,HEALTHY
2026-09-08T08:11:00,B4,Zone_B,B3-B4,4.044,136.484,19.66,HEALTHY
2026-09-08T08:11:00,C1,Zone_C,R-C1,3.741,105.304,19.37,HEALTHY
2026-09-08T08:11:00,C2,Zone_C,C1-C2,3.814,95.291,19.58,HEALTHY
2026-09-08T08:11:00,C3,Zone_C,C2-C3,3.688,87.486,19.49,HEALTHY
2026-09-08T08:12:00,A1,Zone_A,R-A1,4.307,95.501,19.72,HEALTHY
2026-09-08T08:12:00,A2,Zone_A,A1-A2,4.276,80.266,19.53,HEALTHY
2026-09-08T08:12:00,A3,Zone_A,A2-A3,3.905,68.482,19.45,HEALTHY
2026-09-08T08:12:00,B1,Zone_B,R-B1,4.471,190.635,19.6,HEALTHY
2026-09-08T08:12:00,B2,Zone_B,B1-B2,4.472,163.794,19.47,HEALTHY
2026-09-08T08:12:00,B3,Zone_B,B2-B3,3.874,163.299,19.36,HEALTHY
2026-09-08T08:12:00,B4,Zone_B,B3-B4,4.193,134.986,19.51,HEALTHY
2026-09-08T08:12:00,C1,Zone_C,R-C1,3.774,109.992,19.49,HEALTHY
2026-09-08T08:12:00,C2,Zone_C,C1-C2,3.729,98.103,19.7,HEALTHY
2026-09-08T08:12:00,C3,Zone_C,C2-C3,3.527,88.231,19.6,HEALTHY
2026-09-08T08:13:00,A1,Zone_A,R-A1,4.221,92.585,19.61,HEALTHY
2026-09-08T08:13:00,A2,Zone_A,A1-A2,4.385,81.582,19.55,HEALTHY
2026-09-08T08:13:00,A3,Zone_A,A2-A3,3.816,67.7,19.54,HEALTHY
2026-09-08T08:13:00,B1,Zone_B,R-B1,4.444,184.611,19.5,HEALTHY
2026-09-08T08:13:00,B2,Zone_B,B1-B2,4.345,176.354,19.47,HEALTHY
2026-09-08T08:13:00,B3,Zone_B,B2-B3,4.002,169.82,19.35,HEALTHY
2026-09-08T08:13:00,B4,Zone_B,B3-B4,4.083,135.954,19.62,HEALTHY
2026-09-08T08:13:00,C1,Zone_C,R-C1,3.737,103.711,19.65,HEALTHY
2026-09-08T08:13:00,C2,Zone_C,C1-C2,3.693,97.184,19.4,HEALTHY
2026-09-08T08:13:00,C3,Zone_C,C2-C3,3.584,89.839,19.4,HEALTHY
2026-09-08T08:14:00,A1,Zone_A,R-A1,4.536,91.777,19.62,HEALTHY
2026-09-08T08:14:00,A2,Zone_A,A1-A2,4.246,79.249,19.44,HEALTHY
2026-09-08T08:14:00,A3,Zone_A,A2-A3,3.726,65.939,19.58,HEALTHY
2026-09-08T08:14:00,B1,Zone_B,R-B1,4.44,185.267,19.35,HEALTHY
2026-09-08T08:14:00,B2,Zone_B,B1-B2,4.405,173.978,19.55,HEALTHY
2026-09-08T08:14:00,B3,Zone_B,B2-B3,3.922,161.807,19.43,HEALTHY
2026-09-08T08:14:00,B4,Zone_B,B3-B4,4.081,132.953,19.15,HEALTHY
2026-09-08T08:14:00,C1,Zone_C,R-C1,3.843,106.078,19.68,HEALTHY
2026-09-08T08:14:00,C2,Zone_C,C1-C2,3.785,99.613,19.54,HEALTHY
2026-09-08T08:14:00,C3,Zone_C,C2-C3,3.65,89.552,19.56,HEALTHY
2026-09-08T08:15:00,A1,Zone_A,R-A1,4.276,93.936,19.54,HEALTHY
2026-09-08T08:15:00,A2,Zone_A,A1-A2,4.296,78.069,19.57,HEALTHY
2026-09-08T08:15:00,A3,Zone_A,A2-A3,3.775,66.984,19.55,HEALTHY
2026-09-08T08:15:00,B1,Zone_B,R-B1,4.401,182.878,19.52,HEALTHY
2026-09-08T08:15:00,B2,Zone_B,B1-B2,4.277,175.296,19.45,HEALTHY
2026-09-08T08:15:00,B3,Zone_B,B2-B3,4.016,171.614,19.49,HEALTHY
2026-09-08T08:15:00,B4,Zone_B,B3-B4,3.926,135.357,19.56,HEALTHY
2026-09-08T08:15:00,C1,Zone_C,R-C1,3.722,101.975,19.59,HEALTHY
2026-09-08T08:15:00,C2,Zone_C,C1-C2,3.707,100.035,19.38,HEALTHY
2026-09-08T08:15:00,C3,Zone_C,C2-C3,3.584,86.726,19.54,HEALTHY
2026-09-08T08:16:00,A1,Zone_A,R-A1,4.418,92.379,19.55,HEALTHY
2026-09-08T08:16:00,A2,Zone_A,A1-A2,4.331,81.168,19.54,HEALTHY
2026-09-08T08:16:00,A3,Zone_A,A2-A3,3.848,68.191,19.4,HEALTHY
2026-09-08T08:16:00,B1,Zone_B,R-B1,4.543,184.379,19.36,HEALTHY
2026-09-08T08:16:00,B2,Zone_B,B1-B2,4.381,175.404,19.47,HEALTHY
2026-09-08T08:16:00,B3,Zone_B,B2-B3,3.793,161.134,19.58,HEALTHY
2026-09-08T08:16:00,B4,Zone_B,B3-B4,4.023,134.29,19.47,HEALTHY
2026-09-08T08:16:00,C1,Zone_C,R-C1,3.678,107.803,19.59,HEALTHY
2026-09-08T08:16:00,C2,Zone_C,C1-C2,3.696,98.615,19.48,HEALTHY
2026-09-08T08:16:00,C3,Zone_C,C2-C3,3.613,86.152,19.56,HEALTHY
2026-09-08T08:17:00,A1,Zone_A,R-A1,4.493,93.681,19.54,HEALTHY
2026-09-08T08:17:00,A2,Zone_A,A1-A2,4.246,82.366,19.52,HEALTHY
2026-09-08T08:17:00,A3,Zone_A,A2-A3,3.727,67.802,19.4,HEALTHY
2026-09-08T08:17:00,B1,Zone_B,R-B1,4.573,190.9,19.54,HEALTHY
2026-09-08T08:17:00,B2,Zone_B,B1-B2,4.393,172.704,19.61,HEALTHY
2026-09-08T08:17:00,B3,Zone_B,B2-B3,4.112,162.324,19.35,HEALTHY
2026-09-08T08:17:00,B4,Zone_B,B3-B4,4.017,140.678,19.34,HEALTHY
2026-09-08T08:17:00,C1,Zone_C,R-C1,3.869,103.345,19.54,HEALTHY
2026-09-08T08:17:00,C2,Zone_C,C1-C2,3.593,98.684,19.48,HEALTHY
2026-09-08T08:17:00,C3,Zone_C,C2-C3,3.443,86.514,19.39,HEALTHY
2026-09-08T08:18:00,A1,Zone_A,R-A1,4.432,91.694,19.34,HEALTHY
2026-09-08T08:18:00,A2,Zone_A,A1-A2,4.182,81.848,19.45,HEALTHY
2026-09-08T08:18:00,A3,Zone_A,A2-A3,3.692,68.227,19.58,HEALTHY
2026-09-08T08:18:00,B1,Zone_B,R-B1,4.423,188.319,19.52,HEALTHY
2026-09-08T08:18:00,B2,Zone_B,B1-B2,4.442,169.605,19.49,HEALTHY
2026-09-08T08:18:00,B3,Zone_B,B2-B3,3.827,169.446,19.53,HEALTHY
2026-09-08T08:18:00,B4,Zone_B,B3-B4,3.955,136.93,19.41,HEALTHY
2026-09-08T08:18:00,C1,Zone_C,R-C1,3.909,104.251,19.52,HEALTHY
2026-09-08T08:18:00,C2,Zone_C,C1-C2,3.788,99.388,19.46,HEALTHY
2026-09-08T08:18:00,C3,Zone_C,C2-C3,3.652,88.256,19.39,HEALTHY
2026-09-08T08:19:00,A1,Zone_A,R-A1,4.423,92.536,19.53,HEALTHY
2026-09-08T08:19:00,A2,Zone_A,A1-A2,4.375,82.152,19.38,HEALTHY
2026-09-08T08:19:00,A3,Zone_A,A2-A3,3.852,67.166,19.51,HEALTHY
2026-09-08T08:19:00,B2,Zone_B,B1-B2,4.292,168.914,19.66,HEALTHY
2026-09-08T08:19:00,B3,Zone_B,B2-B3,4.117,169.746,19.43,HEALTHY
2026-09-08T08:19:00,B4,Zone_B,B3-B4,4.116,134.591,19.5,HEALTHY
2026-09-08T08:19:00,C1,Zone_C,R-C1,3.842,109.749,19.64,HEALTHY
2026-09-08T08:19:00,C2,Zone_C,C1-C2,3.745,98.4,19.56,HEALTHY
2026-09-08T08:19:00,C3,Zone_C,C2-C3,3.497,85.213,19.52,HEALTHY
2026-09-08T08:20:00,A1,Zone_A,R-A1,4.403,91.875,19.34,HEALTHY
2026-09-08T08:20:00,A2,Zone_A,A1-A2,4.301,78.095,19.44,HEALTHY
2026-09-08T08:20:00,A3,Zone_A,A2-A3,3.749,66.731,19.51,HEALTHY
2026-09-08T08:20:00,B1,Zone_B,R-B1,4.389,184.638,19.43,HEALTHY
2026-09-08T08:20:00,B2,Zone_B,B1-B2,4.411,170.995,19.58,HEALTHY
2026-09-08T08:20:00,B3,Zone_B,B2-B3,3.963,170.522,19.43,HEALTHY
2026-09-08T08:20:00,B4,Zone_B,B3-B4,3.926,137.237,19.43,HEALTHY
2026-09-08T08:20:00,C1,Zone_C,R-C1,3.768,104.326,19.6,HEALTHY
2026-09-08T08:20:00,C2,Zone_C,C1-C2,3.591,99.385,19.5,HEALTHY
2026-09-08T08:20:00,C3,Zone_C,C2-C3,3.687,86.164,19.56,HEALTHY
2026-09-08T08:21:00,A1,Zone_A,R-A1,4.275,91.895,19.48,HEALTHY
2026-09-08T08:21:00,A2,Zone_A,A1-A2,4.321,81.564,19.3,HEALTHY
2026-09-08T08:21:00,A3,Zone_A,A2-A3,3.901,67.153,19.67,HEALTHY
2026-09-08T08:21:00,B1,Zone_B,R-B1,4.432,181.07,19.52,HEALTHY
2026-09-08T08:21:00,B2,Zone_B,B1-B2,4.411,176.44,19.38,HEALTHY
2026-09-08T08:21:00,B3,Zone_B,B2-B3,4.083,166.822,19.73,HEALTHY
2026-09-08T08:21:00,B4,Zone_B,B3-B4,4.055,137.165,19.56,HEALTHY
2026-09-08T08:21:00,C1,Zone_C,R-C1,3.627,105.684,19.39,HEALTHY
2026-09-08T08:21:00,C2,Zone_C,C1-C2,3.719,99.249,19.5,HEALTHY
2026-09-08T08:21:00,C3,Zone_C,C2-C3,3.633,86.613,19.53,HEALTHY
2026-09-08T08:22:00,A1,Zone_A,R-A1,4.316,90.764,19.46,HEALTHY
2026-09-08T08:22:00,A2,Zone_A,A1-A2,4.386,80.976,19.5,HEALTHY
2026-09-08T08:22:00,A3,Zone_A,A2-A3,3.795,64.086,19.51,HEALTHY
2026-09-08T08:22:00,B1,Zone_B,R-B1,4.39,186.394,19.49,HEALTHY
2026-09-08T08:22:00,B2,Zone_B,B1-B2,4.464,172.871,19.42,HEALTHY
2026-09-08T08:22:00,B3,Zone_B,B2-B3,3.97,171.285,19.51,HEALTHY
2026-09-08T08:22:00,B4,Zone_B,B3-B4,3.993,134.78,19.43,HEALTHY
2026-09-08T08:22:00,C1,Zone_C,R-C1,3.777,104.612,19.54,HEALTHY
2026-09-08T08:22:00,C2,Zone_C,C1-C2,3.886,96.677,19.48,HEALTHY
2026-09-08T08:22:00,C3,Zone_C,C2-C3,3.484,83.967,19.55,HEALTHY
2026-09-08T08:23:00,A1,Zone_A,R-A1,4.321,92.229,19.5,HEALTHY
2026-09-08T08:23:00,A2,Zone_A,A1-A2,4.166,80.496,19.5,HEALTHY
2026-09-08T08:23:00,A3,Zone_A,A2-A3,3.91,65.874,19.5,HEALTHY
2026-09-08T08:23:00,B1,Zone_B,R-B1,4.265,178.457,19.65,HEALTHY
2026-09-08T08:23:00,B2,Zone_B,B1-B2,4.339,166.371,19.46,HEALTHY
2026-09-08T08:23:00,B3,Zone_B,B2-B3,4.046,167.294,19.63,HEALTHY
2026-09-08T08:23:00,B4,Zone_B,B3-B4,4.031,135.995,19.67,HEALTHY
2026-09-08T08:23:00,C1,Zone_C,R-C1,3.664,102.556,19.62,HEALTHY
2026-09-08T08:23:00,C2,Zone_C,C1-C2,3.684,99.28,19.43,HEALTHY
2026-09-08T08:23:00,C3,Zone_C,C2-C3,3.466,89.706,19.47,HEALTHY
2026-09-08T08:24:00,A1,Zone_A,R-A1,4.443,91.854,19.5,HEALTHY
2026-09-08T08:24:00,A2,Zone_A,A1-A2,4.298,80.617,19.65,HEALTHY
2026-09-08T08:24:00,A3,Zone_A,A2-A3,3.782,68.222,19.48,HEALTHY
2026-09-08T08:24:00,B1,Zone_B,R-B1,4.566,180.305,19.48,HEALTHY
2026-09-08T08:24:00,B2,Zone_B,B1-B2,4.519,172.88,19.53,HEALTHY
2026-09-08T08:24:00,B3,Zone_B,B2-B3,3.967,171.611,19.55,HEALTHY
2026-09-08T08:24:00,B4,Zone_B,B3-B4,4.066,136.613,19.5,HEALTHY
2026-09-08T08:24:00,C1,Zone_C,R-C1,3.726,105.794,19.62,HEALTHY
2026-09-08T08:24:00,C2,Zone_C,C1-C2,3.797,94.954,19.51,HEALTHY
2026-09-08T08:24:00,C3,Zone_C,C2-C3,3.66,88.246,19.49,HEALTHY
2026-09-08T08:25:00,A2,Zone_A,A1-A2,4.22,79.237,19.56,HEALTHY
2026-09-08T08:25:00,A3,Zone_A,A2-A3,3.717,65.958,19.53,HEALTHY
2026-09-08T08:25:00,B2,Zone_B,B1-B2,4.34,170.236,19.42,HEALTHY
2026-09-08T08:25:00,B3,Zone_B,B2-B3,4.005,169.33,19.36,HEALTHY
2026-09-08T08:25:00,B4,Zone_B,B3-B4,3.98,136.189,19.42,HEALTHY
2026-09-08T08:25:00,C1,Zone_C,R-C1,3.882,108.74,19.71,HEALTHY
2026-09-08T08:25:00,C2,Zone_C,C1-C2,3.778,98.667,19.63,HEALTHY
2026-09-08T08:25:00,C3,Zone_C,C2-C3,3.618,88.718,19.51,HEALTHY
2026-09-08T08:26:00,A1,Zone_A,R-A1,4.26,91.329,19.49,HEALTHY
2026-09-08T08:26:00,A2,Zone_A,A1-A2,4.205,83.121,19.62,HEALTHY
2026-09-08T08:26:00,A3,Zone_A,A2-A3,3.733,69.056,19.31,HEALTHY
2026-09-08T08:26:00,B1,Zone_B,R-B1,4.398,177.769,19.53,HEALTHY
2026-09-08T08:26:00,B2,Zone_B,B1-B2,4.421,170.488,19.54,HEALTHY
2026-09-08T08:26:00,B3,Zone_B,B2-B3,3.985,172.079,19.67,HEALTHY
2026-09-08T08:26:00,B4,Zone_B,B3-B4,3.938,136.737,19.44,HEALTHY
2026-09-08T08:26:00,C1,Zone_C,R-C1,3.7,102.791,19.48,HEALTHY
2026-09-08T08:26:00,C2,Zone_C,C1-C2,3.834,97.619,19.5,HEALTHY
2026-09-08T08:26:00,C3,Zone_C,C2-C3,3.621,86.544,19.51,HEALTHY
2026-09-08T08:27:00,A1,Zone_A,R-A1,4.285,94.514,19.41,HEALTHY
2026-09-08T08:27:00,A2,Zone_A,A1-A2,4.319,77.953,19.55,HEALTHY
2026-09-08T08:27:00,A3,Zone_A,A2-A3,3.732,66.846,19.45,HEALTHY
2026-09-08T08:27:00,B1,Zone_B,R-B1,4.297,184.464,19.54,HEALTHY
2026-09-08T08:27:00,B2,Zone_B,B1-B2,4.6,171.424,19.42,HEALTHY
2026-09-08T08:27:00,B3,Zone_B,B2-B3,3.799,162.789,19.56,HEALTHY
2026-09-08T08:27:00,B4,Zone_B,B3-B4,4.031,133.872,19.49,HEALTHY
2026-09-08T08:27:00,C1,Zone_C,R-C1,3.73,102.499,19.51,HEALTHY
2026-09-08T08:27:00,C2,Zone_C,C1-C2,3.755,99.256,19.5,HEALTHY
2026-09-08T08:27:00,C3,Zone_C,C2-C3,3.556,92.567,19.53,HEALTHY
2026-09-08T08:28:00,A1,Zone_A,R-A1,4.288,89.444,19.52,HEALTHY
2026-09-08T08:28:00,A2,Zone_A,A1-A2,4.255,82.156,19.51,HEALTHY
2026-09-08T08:28:00,A3,Zone_A,A2-A3,3.806,68.525,19.46,HEALTHY
2026-09-08T08:28:00,B1,Zone_B,R-B1,4.302,185.743,19.71,HEALTHY
2026-09-08T08:28:00,B2,Zone_B,B1-B2,4.461,173.447,19.5,HEALTHY
2026-09-08T08:28:00,B3,Zone_B,B2-B3,3.973,169.369,19.62,HEALTHY
2026-09-08T08:28:00,B4,Zone_B,B3-B4,4.075,136.323,19.53,HEALTHY
2026-09-08T08:28:00,C1,Zone_C,R-C1,3.865,104.214,19.29,HEALTHY
2026-09-08T08:28:00,C2,Zone_C,C1-C2,3.791,99.677,19.42,HEALTHY
2026-09-08T08:28:00,C3,Zone_C,C2-C3,3.541,85.38,19.66,HEALTHY
2026-09-08T08:29:00,A1,Zone_A,R-A1,4.445,92.622,19.62,HEALTHY
2026-09-08T08:29:00,A2,Zone_A,A1-A2,4.193,81.98,19.45,HEALTHY
2026-09-08T08:29:00,A3,Zone_A,A2-A3,3.796,66.694,19.58,HEALTHY
2026-09-08T08:29:00,B1,Zone_B,R-B1,4.299,181.628,19.55,HEALTHY
2026-09-08T08:29:00,B2,Zone_B,B1-B2,4.499,167.443,19.58,HEALTHY
2026-09-08T08:29:00,B3,Zone_B,B2-B3,3.977,162.806,19.61,HEALTHY
2026-09-08T08:29:00,B4,Zone_B,B3-B4,4.022,135.036,19.41,HEALTHY
2026-09-08T08:29:00,C1,Zone_C,R-C1,3.82,103.518,19.55,HEALTHY
2026-09-08T08:29:00,C2,Zone_C,C1-C2,3.679,99.87,19.46,HEALTHY
2026-09-08T08:29:00,C3,Zone_C,C2-C3,3.553,86.35,19.5,HEALTHY
2026-09-08T08:30:00,A1,Zone_A,R-A1,4.405,94.73,19.41,HEALTHY
2026-09-08T08:30:00,A2,Zone_A,A1-A2,4.285,79.78,19.51,HEALTHY
2026-09-08T08:30:00,A3,Zone_A,A2-A3,3.844,67.714,19.56,HEALTHY
2026-09-08T08:30:00,B1,Zone_B,R-B1,4.149,186.556,19.43,HEALTHY
2026-09-08T08:30:00,B2,Zone_B,B1-B2,4.46,178.767,19.39,HEALTHY
2026-09-08T08:30:00,B3,Zone_B,B2-B3,3.994,160.667,19.48,HEALTHY
2026-09-08T08:30:00,B4,Zone_B,B3-B4,4.039,139.506,19.56,HEALTHY
2026-09-08T08:30:00,C1,Zone_C,R-C1,3.711,101.635,19.44,HEALTHY
2026-09-08T08:30:00,C2,Zone_C,C1-C2,3.564,99.427,19.38,HEALTHY
2026-09-08T08:30:00,C3,Zone_C,C2-C3,3.547,85.62,19.53,HEALTHY
2026-09-08T08:31:00,A1,Zone_A,R-A1,4.322,91.302,19.48,HEALTHY
2026-09-08T08:31:00,A2,Zone_A,A1-A2,4.387,80.055,19.69,HEALTHY
2026-09-08T08:31:00,A3,Zone_A,A2-A3,3.708,65.477,19.31,HEALTHY
2026-09-08T08:31:00,B1,Zone_B,R-B1,4.248,187.287,19.45,HEALTHY
2026-09-08T08:31:00,B2,Zone_B,B1-B2,4.385,169.052,19.53,HEALTHY
2026-09-08T08:31:00,B3,Zone_B,B2-B3,3.972,162.648,19.49,HEALTHY
2026-09-08T08:31:00,B4,Zone_B,B3-B4,4.014,138.771,19.62,HEALTHY
2026-09-08T08:31:00,C1,Zone_C,R-C1,3.82,104.84,19.6,HEALTHY
2026-09-08T08:31:00,C2,Zone_C,C1-C2,3.663,95.156,19.44,HEALTHY
2026-09-08T08:31:00,C3,Zone_C,C2-C3,3.581,85.109,19.63,HEALTHY
2026-09-08T08:32:00,A1,Zone_A,R-A1,4.412,96.123,19.43,HEALTHY
2026-09-08T08:32:00,A2,Zone_A,A1-A2,4.414,79.59,19.53,HEALTHY
2026-09-08T08:32:00,A3,Zone_A,A2-A3,3.705,64.835,19.62,HEALTHY
2026-09-08T08:32:00,B1,Zone_B,R-B1,4.291,182.41,19.39,HEALTHY
2026-09-08T08:32:00,B2,Zone_B,B1-B2,4.402,171.584,19.48,HEALTHY
2026-09-08T08:32:00,B3,Zone_B,B2-B3,3.854,163.186,19.6,HEALTHY
2026-09-08T08:32:00,B4,Zone_B,B3-B4,3.991,135.271,19.39,HEALTHY
2026-09-08T08:32:00,C1,Zone_C,R-C1,3.734,104.083,19.49,HEALTHY
2026-09-08T08:32:00,C2,Zone_C,C1-C2,3.692,98.277,19.52,HEALTHY
2026-09-08T08:32:00,C3,Zone_C,C2-C3,3.562,87.639,19.34,HEALTHY
2026-09-08T08:33:00,A1,Zone_A,R-A1,4.236,95.588,19.53,HEALTHY
2026-09-08T08:33:00,A2,Zone_A,A1-A2,4.227,78.964,19.48,HEALTHY
2026-09-08T08:33:00,A3,Zone_A,A2-A3,3.795,68.571,19.32,HEALTHY
2026-09-08T08:33:00,B1,Zone_B,R-B1,4.165,182.793,19.61,HEALTHY
2026-09-08T08:33:00,B2,Zone_B,B1-B2,4.327,171.239,19.44,HEALTHY
2026-09-08T08:33:00,B3,Zone_B,B2-B3,4.075,166.115,19.53,HEALTHY
2026-09-08T08:33:00,B4,Zone_B,B3-B4,4.098,135.002,19.38,HEALTHY
2026-09-08T08:33:00,C1,Zone_C,R-C1,3.634,106.9,19.41,HEALTHY
2026-09-08T08:33:00,C2,Zone_C,C1-C2,3.539,103.766,19.47,HEALTHY
2026-09-08T08:33:00,C3,Zone_C,C2-C3,3.607,87.945,19.56,HEALTHY
2026-09-08T08:34:00,A1,Zone_A,R-A1,4.321,92.381,19.6,HEALTHY
2026-09-08T08:34:00,A2,Zone_A,A1-A2,4.294,79.3,19.61,HEALTHY
2026-09-08T08:34:00,A3,Zone_A,A2-A3,3.702,68.789,19.45,HEALTHY
2026-09-08T08:34:00,B1,Zone_B,R-B1,4.451,185.661,19.44,HEALTHY
2026-09-08T08:34:00,B2,Zone_B,B1-B2,4.546,173.269,19.54,HEALTHY
2026-09-08T08:34:00,B3,Zone_B,B2-B3,3.976,163.248,19.43,HEALTHY
2026-09-08T08:34:00,B4,Zone_B,B3-B4,4.017,135.361,19.56,HEALTHY
2026-09-08T08:34:00,C1,Zone_C,R-C1,3.817,106.177,19.34,HEALTHY
2026-09-08T08:34:00,C2,Zone_C,C1-C2,3.672,98.072,19.57,HEALTHY
2026-09-08T08:34:00,C3,Zone_C,C2-C3,3.615,84.636,19.51,HEALTHY
2026-09-08T08:35:00,A1,Zone_A,R-A1,4.368,92.604,19.6,HEALTHY
2026-09-08T08:35:00,A2,Zone_A,A1-A2,4.313,79.099,19.58,HEALTHY
2026-09-08T08:35:00,A3,Zone_A,A2-A3,3.861,65.663,19.51,HEALTHY
2026-09-08T08:35:00,B1,Zone_B,R-B1,4.327,182.175,19.45,HEALTHY
2026-09-08T08:35:00,B2,Zone_B,B1-B2,4.442,174.458,19.4,HEALTHY
2026-09-08T08:35:00,B3,Zone_B,B2-B3,3.937,164.634,19.37,HEALTHY
2026-09-08T08:35:00,B4,Zone_B,B3-B4,3.975,134.785,19.59,HEALTHY
2026-09-08T08:35:00,C1,Zone_C,R-C1,3.788,102.96,19.26,HEALTHY
2026-09-08T08:35:00,C2,Zone_C,C1-C2,3.658,98.708,19.51,HEALTHY
2026-09-08T08:35:00,C3,Zone_C,C2-C3,3.526,86.198,19.56,HEALTHY
2026-09-08T08:36:00,A1,Zone_A,R-A1,4.329,87.302,19.5,HEALTHY
2026-09-08T08:36:00,A2,Zone_A,A1-A2,4.252,79.609,19.45,HEALTHY
2026-09-08T08:36:00,A3,Zone_A,A2-A3,3.795,66.686,19.71,HEALTHY
2026-09-08T08:36:00,B1,Zone_B,R-B1,4.252,186.592,19.54,HEALTHY
2026-09-08T08:36:00,B2,Zone_B,B1-B2,4.32,176.402,19.42,HEALTHY
2026-09-08T08:36:00,B3,Zone_B,B2-B3,3.946,165.02,19.5,HEALTHY
2026-09-08T08:36:00,B4,Zone_B,B3-B4,3.937,134.562,19.24,HEALTHY
2026-09-08T08:36:00,C1,Zone_C,R-C1,3.767,103.576,19.5,HEALTHY
2026-09-08T08:36:00,C2,Zone_C,C1-C2,3.666,98.521,19.65,HEALTHY
2026-09-08T08:36:00,C3,Zone_C,C2-C3,3.545,85.71,19.51,HEALTHY
2026-09-08T08:37:00,A1,Zone_A,R-A1,4.223,93.737,19.57,HEALTHY
2026-09-08T08:37:00,A2,Zone_A,A1-A2,4.287,77.182,19.48,HEALTHY
2026-09-08T08:37:00,A3,Zone_A,A2-A3,3.763,66.874,19.43,HEALTHY
2026-09-08T08:37:00,B1,Zone_B,R-B1,4.501,185.542,19.39,HEALTHY
2026-09-08T08:37:00,B2,Zone_B,B1-B2,4.582,167.015,19.58,HEALTHY
2026-09-08T08:37:00,B3,Zone_B,B2-B3,4.069,165.224,19.47,HEALTHY
2026-09-08T08:37:00,B4,Zone_B,B3-B4,4.017,135.184,19.56,HEALTHY
2026-09-08T08:37:00,C1,Zone_C,R-C1,3.754,103.327,19.48,HEALTHY
2026-09-08T08:37:00,C2,Zone_C,C1-C2,3.714,97.839,19.38,HEALTHY
2026-09-08T08:37:00,C3,Zone_C,C2-C3,3.457,87.461,19.7,HEALTHY
2026-09-08T08:38:00,A1,Zone_A,R-A1,4.344,93.462,19.44,HEALTHY
2026-09-08T08:38:00,A2,Zone_A,A1-A2,4.241,80.54,19.68,HEALTHY
2026-09-08T08:38:00,A3,Zone_A,A2-A3,3.847,67.426,19.38,HEALTHY
2026-09-08T08:38:00,B1,Zone_B,R-B1,4.279,185.615,19.59,HEALTHY
2026-09-08T08:38:00,B2,Zone_B,B1-B2,4.364,170.858,19.45,HEALTHY
2026-09-08T08:38:00,B3,Zone_B,B2-B3,4.05,164.787,19.44,HEALTHY
2026-09-08T08:38:00,B4,Zone_B,B3-B4,4.042,135.281,19.56,HEALTHY
2026-09-08T08:38:00,C1,Zone_C,R-C1,3.621,105.872,19.38,HEALTHY
2026-09-08T08:38:00,C2,Zone_C,C1-C2,3.723,98.601,19.48,HEALTHY
2026-09-08T08:38:00,C3,Zone_C,C2-C3,3.712,83.904,19.66,HEALTHY
2026-09-08T08:39:00,A1,Zone_A,R-A1,4.315,95.004,19.46,HEALTHY
2026-09-08T08:39:00,A2,Zone_A,A1-A2,4.189,80.297,19.59,HEALTHY
2026-09-08T08:39:00,A3,Zone_A,A2-A3,3.813,68.775,19.46,HEALTHY
2026-09-08T08:39:00,B1,Zone_B,R-B1,4.449,187.667,19.32,HEALTHY
2026-09-08T08:39:00,B2,Zone_B,B1-B2,4.215,168.331,19.4,HEALTHY
2026-09-08T08:39:00,B3,Zone_B,B2-B3,4.044,166.824,19.33,HEALTHY
2026-09-08T08:39:00,B4,Zone_B,B3-B4,4.076,133.693,19.39,HEALTHY
2026-09-08T08:39:00,C1,Zone_C,R-C1,3.9,105.993,19.51,HEALTHY
2026-09-08T08:39:00,C2,Zone_C,C1-C2,3.678,99.242,19.51,HEALTHY
2026-09-08T08:39:00,C3,Zone_C,C2-C3,3.647,84.838,19.46,HEALTHY
2026-09-08T08:40:00,A1,Zone_A,R-A1,4.354,94.341,19.6,HEALTHY
2026-09-08T08:40:00,A2,Zone_A,A1-A2,4.354,80.343,19.58,HEALTHY
2026-09-08T08:40:00,A3,Zone_A,A2-A3,3.668,68.457,19.59,HEALTHY
2026-09-08T08:40:00,B1,Zone_B,R-B1,4.294,181.771,19.57,HEALTHY
2026-09-08T08:40:00,B2,Zone_B,B1-B2,4.483,173.375,19.4,HEALTHY
2026-09-08T08:40:00,B3,Zone_B,B2-B3,3.992,163.017,19.57,HEALTHY
2026-09-08T08:40:00,B4,Zone_B,B3-B4,4.142,132.169,19.47,HEALTHY
2026-09-08T08:40:00,C1,Zone_C,R-C1,3.822,103.083,19.61,HEALTHY
2026-09-08T08:40:00,C2,Zone_C,C1-C2,3.865,98.206,19.44,HEALTHY
2026-09-08T08:40:00,C3,Zone_C,C2-C3,3.463,88.441,19.44,HEALTHY
2026-09-08T08:41:00,A1,Zone_A,R-A1,4.422,95.634,19.43,HEALTHY
2026-09-08T08:41:00,A2,Zone_A,A1-A2,4.311,80.423,19.61,HEALTHY
2026-09-08T08:41:00,A3,Zone_A,A2-A3,3.723,66.603,19.45,HEALTHY
2026-09-08T08:41:00,B1,Zone_B,R-B1,4.393,180.301,19.48,HEALTHY
2026-09-08T08:41:00,B2,Zone_B,B1-B2,4.594,166.847,19.33,HEALTHY
2026-09-08T08:41:00,B3,Zone_B,B2-B3,3.918,161.784,19.52,HEALTHY
2026-09-08T08:41:00,B4,Zone_B,B3-B4,4.045,135.307,19.42,HEALTHY
2026-09-08T08:41:00,C1,Zone_C,R-C1,3.831,101.45,19.58,HEALTHY
2026-09-08T08:41:00,C2,Zone_C,C1-C2,3.607,97.589,19.53,HEALTHY
2026-09-08T08:41:00,C3,Zone_C,C2-C3,3.556,86.388,19.35,HEALTHY
2026-09-08T08:42:00,A1,Zone_A,R-A1,4.385,91.518,19.54,HEALTHY
2026-09-08T08:42:00,A2,Zone_A,A1-A2,4.317,78.986,19.49,HEALTHY
2026-09-08T08:42:00,A3,Zone_A,A2-A3,3.723,66.977,19.49,HEALTHY
2026-09-08T08:42:00,B1,Zone_B,R-B1,4.346,183.929,19.53,HEALTHY
2026-09-08T08:42:00,B2,Zone_B,B1-B2,4.366,176.337,19.47,HEALTHY
2026-09-08T08:42:00,B3,Zone_B,B2-B3,4.032,166.554,19.51,HEALTHY
2026-09-08T08:42:00,B4,Zone_B,B3-B4,4.086,135.107,19.67,HEALTHY
2026-09-08T08:42:00,C1,Zone_C,R-C1,3.851,108.676,19.42,HEALTHY
2026-09-08T08:42:00,C2,Zone_C,C1-C2,3.769,102.144,19.42,HEALTHY
2026-09-08T08:42:00,C3,Zone_C,C2-C3,3.715,85.085,19.45,HEALTHY
2026-09-08T08:43:00,A1,Zone_A,R-A1,4.342,93.632,19.5,HEALTHY
2026-09-08T08:43:00,A2,Zone_A,A1-A2,4.19,80.816,19.47,HEALTHY
2026-09-08T08:43:00,A3,Zone_A,A2-A3,3.683,67.094,19.52,HEALTHY
2026-09-08T08:43:00,B1,Zone_B,R-B1,4.295,179.828,19.79,HEALTHY
2026-09-08T08:43:00,B2,Zone_B,B1-B2,4.402,168.135,19.6,HEALTHY
2026-09-08T08:43:00,B3,Zone_B,B2-B3,3.999,157.571,19.48,HEALTHY
2026-09-08T08:43:00,B4,Zone_B,B3-B4,4.032,135.728,19.58,HEALTHY
2026-09-08T08:43:00,C1,Zone_C,R-C1,3.926,101.357,19.55,HEALTHY
2026-09-08T08:43:00,C2,Zone_C,C1-C2,3.777,98.105,19.67,HEALTHY
2026-09-08T08:43:00,C3,Zone_C,C2-C3,3.558,85.821,19.74,HEALTHY
2026-09-08T08:44:00,A1,Zone_A,R-A1,4.291,90.75,19.43,HEALTHY
2026-09-08T08:44:00,A2,Zone_A,A1-A2,4.162,76.481,19.69,HEALTHY
2026-09-08T08:44:00,A3,Zone_A,A2-A3,3.664,68.226,19.48,HEALTHY
2026-09-08T08:44:00,B1,Zone_B,R-B1,4.31,183.657,19.41,HEALTHY
2026-09-08T08:44:00,B2,Zone_B,B1-B2,4.33,169.848,19.52,HEALTHY
2026-09-08T08:44:00,B3,Zone_B,B2-B3,4.202,161.114,19.65,HEALTHY
2026-09-08T08:44:00,B4,Zone_B,B3-B4,4.042,135.486,19.53,HEALTHY
2026-09-08T08:44:00,C1,Zone_C,R-C1,3.672,103.213,19.42,HEALTHY
2026-09-08T08:44:00,C2,Zone_C,C1-C2,3.792,98.791,19.5,HEALTHY
2026-09-08T08:44:00,C3,Zone_C,C2-C3,3.659,85.447,19.31,HEALTHY
2026-09-08T08:45:00,A1,Zone_A,R-A1,4.215,91.7,19.44,HEALTHY
2026-09-08T08:45:00,A2,Zone_A,A1-A2,4.355,77.608,19.48,HEALTHY
2026-09-08T08:45:00,A3,Zone_A,A2-A3,3.875,68.688,19.54,HEALTHY
2026-09-08T08:45:00,B1,Zone_B,R-B1,4.427,179.453,19.64,HEALTHY
2026-09-08T08:45:00,B2,Zone_B,B1-B2,4.434,171.392,19.52,HEALTHY
2026-09-08T08:45:00,B3,Zone_B,B2-B3,4.008,167.765,19.4,HEALTHY
2026-09-08T08:45:00,B4,Zone_B,B3-B4,4.107,132.726,19.4,HEALTHY
2026-09-08T08:45:00,C1,Zone_C,R-C1,3.773,105.43,19.41,HEALTHY
2026-09-08T08:45:00,C2,Zone_C,C1-C2,3.767,99.564,19.39,HEALTHY
2026-09-08T08:45:00,C3,Zone_C,C2-C3,3.49,84.693,19.56,HEALTHY
2026-09-08T08:46:00,A1,Zone_A,R-A1,4.397,93.9,19.55,HEALTHY
2026-09-08T08:46:00,A2,Zone_A,A1-A2,4.322,78.503,19.4,HEALTHY
2026-09-08T08:46:00,A3,Zone_A,A2-A3,3.799,66.056,19.51,HEALTHY
2026-09-08T08:46:00,B1,Zone_B,R-B1,4.363,185.138,19.53,HEALTHY
2026-09-08T08:46:00,B2,Zone_B,B1-B2,4.456,174.009,19.42,HEALTHY
2026-09-08T08:46:00,B3,Zone_B,B2-B3,3.99,164.105,19.53,HEALTHY
2026-09-08T08:46:00,B4,Zone_B,B3-B4,4.088,137.911,19.56,HEALTHY
2026-09-08T08:46:00,C1,Zone_C,R-C1,3.924,105.607,19.52,HEALTHY
2026-09-08T08:46:00,C2,Zone_C,C1-C2,3.687,95.038,19.44,HEALTHY
2026-09-08T08:46:00,C3,Zone_C,C2-C3,3.619,87.7,19.44,HEALTHY
2026-09-08T08:47:00,A1,Zone_A,R-A1,4.445,92.937,19.48,HEALTHY
2026-09-08T08:47:00,A2,Zone_A,A1-A2,4.387,81.427,19.43,HEALTHY
2026-09-08T08:47:00,A3,Zone_A,A2-A3,3.79,66.194,19.68,HEALTHY
2026-09-08T08:47:00,B1,Zone_B,R-B1,4.529,185.447,19.54,HEALTHY
2026-09-08T08:47:00,B2,Zone_B,B1-B2,4.717,166.184,19.47,HEALTHY
2026-09-08T08:47:00,B3,Zone_B,B2-B3,4.134,169.6,19.45,HEALTHY
2026-09-08T08:47:00,B4,Zone_B,B3-B4,4.021,136.727,19.53,HEALTHY
2026-09-08T08:47:00,C1,Zone_C,R-C1,3.82,101.748,19.59,HEALTHY
2026-09-08T08:47:00,C2,Zone_C,C1-C2,3.729,99.939,19.49,HEALTHY
2026-09-08T08:47:00,C3,Zone_C,C2-C3,3.56,84.826,19.48,HEALTHY
2026-09-08T08:48:00,A1,Zone_A,R-A1,4.304,90.716,19.61,HEALTHY
2026-09-08T08:48:00,A2,Zone_A,A1-A2,4.234,77.186,19.45,HEALTHY
2026-09-08T08:48:00,A3,Zone_A,A2-A3,3.788,67.85,19.46,HEALTHY
2026-09-08T08:48:00,B1,Zone_B,R-B1,4.443,175.688,19.46,HEALTHY
2026-09-08T08:48:00,B2,Zone_B,B1-B2,4.447,164.961,19.58,HEALTHY
2026-09-08T08:48:00,B3,Zone_B,B2-B3,4.067,162.497,19.49,HEALTHY
2026-09-08T08:48:00,B4,Zone_B,B3-B4,4.166,137.155,19.57,HEALTHY
2026-09-08T08:48:00,C1,Zone_C,R-C1,3.752,105.08,19.5,HEALTHY
2026-09-08T08:48:00,C2,Zone_C,C1-C2,3.615,96.709,19.6,HEALTHY
2026-09-08T08:48:00,C3,Zone_C,C2-C3,3.687,85.575,19.48,HEALTHY
2026-09-08T08:49:00,A1,Zone_A,R-A1,4.235,91.126,19.77,HEALTHY
2026-09-08T08:49:00,A2,Zone_A,A1-A2,4.428,77.329,19.52,HEALTHY
2026-09-08T08:49:00,A3,Zone_A,A2-A3,3.709,67.212,19.46,HEALTHY
2026-09-08T08:49:00,B1,Zone_B,R-B1,4.5,180.185,19.43,HEALTHY
2026-09-08T08:49:00,B2,Zone_B,B1-B2,4.488,171.438,19.4,HEALTHY
2026-09-08T08:49:00,B3,Zone_B,B2-B3,3.928,161.263,19.55,HEALTHY
2026-09-08T08:49:00,B4,Zone_B,B3-B4,3.938,132.106,19.47,HEALTHY
2026-09-08T08:49:00,C1,Zone_C,R-C1,3.795,102.866,19.28,HEALTHY
2026-09-08T08:49:00,C2,Zone_C,C1-C2,3.634,101.242,19.36,HEALTHY
2026-09-08T08:49:00,C3,Zone_C,C2-C3,3.548,86.638,19.51,HEALTHY
2026-09-08T08:50:00,A1,Zone_A,R-A1,4.422,90.503,19.5,HEALTHY
2026-09-08T08:50:00,A2,Zone_A,A1-A2,4.276,79.57,19.5,HEALTHY
2026-09-08T08:50:00,A3,Zone_A,A2-A3,3.696,65.485,19.45,HEALTHY
2026-09-08T08:50:00,B1,Zone_B,R-B1,4.347,183.212,19.43,HEALTHY
2026-09-08T08:50:00,B2,Zone_B,B1-B2,4.457,167.368,19.48,HEALTHY
2026-09-08T08:50:00,B3,Zone_B,B2-B3,3.938,166.488,19.48,HEALTHY
2026-09-08T08:50:00,B4,Zone_B,B3-B4,4.05,135.775,19.35,HEALTHY
2026-09-08T08:50:00,C1,Zone_C,R-C1,3.707,105.142,19.59,HEALTHY
2026-09-08T08:50:00,C2,Zone_C,C1-C2,3.63,97.172,19.42,HEALTHY
2026-09-08T08:50:00,C3,Zone_C,C2-C3,3.622,85.584,19.53,HEALTHY
2026-09-08T08:51:00,A1,Zone_A,R-A1,4.387,88.6,19.5,HEALTHY
2026-09-08T08:51:00,A2,Zone_A,A1-A2,4.342,81.455,19.41,HEALTHY
2026-09-08T08:51:00,A3,Zone_A,A2-A3,3.809,65.046,19.59,HEALTHY
2026-09-08T08:51:00,B1,Zone_B,R-B1,4.501,180.818,19.54,HEALTHY
2026-09-08T08:51:00,B2,Zone_B,B1-B2,4.282,172.043,19.34,HEALTHY
2026-09-08T08:51:00,B3,Zone_B,B2-B3,4.097,161.135,19.55,HEALTHY
2026-09-08T08:51:00,B4,Zone_B,B3-B4,4.1,133.224,19.59,HEALTHY
2026-09-08T08:51:00,C1,Zone_C,R-C1,3.689,108.059,19.65,HEALTHY
2026-09-08T08:51:00,C2,Zone_C,C1-C2,3.88,93.91,19.56,HEALTHY
2026-09-08T08:51:00,C3,Zone_C,C2-C3,3.547,89.081,19.56,HEALTHY
2026-09-08T08:52:00,A1,Zone_A,R-A1,4.435,92.331,19.54,HEALTHY
2026-09-08T08:52:00,A2,Zone_A,A1-A2,4.252,80.624,19.35,HEALTHY
2026-09-08T08:52:00,A3,Zone_A,A2-A3,3.667,67.103,19.55,HEALTHY
2026-09-08T08:52:00,B1,Zone_B,R-B1,4.411,183.238,19.45,HEALTHY
2026-09-08T08:52:00,B2,Zone_B,B1-B2,4.42,169.8,19.51,HEALTHY
2026-09-08T08:52:00,B3,Zone_B,B2-B3,3.919,163.095,19.56,HEALTHY
2026-09-08T08:52:00,B4,Zone_B,B3-B4,3.984,127.849,19.61,HEALTHY
2026-09-08T08:52:00,C1,Zone_C,R-C1,3.671,101.538,19.47,HEALTHY
2026-09-08T08:52:00,C2,Zone_C,C1-C2,3.822,96.901,19.43,HEALTHY
2026-09-08T08:52:00,C3,Zone_C,C2-C3,3.57,84.861,19.35,HEALTHY
2026-09-08T08:53:00,A1,Zone_A,R-A1,4.324,93.973,19.64,HEALTHY
2026-09-08T08:53:00,A2,Zone_A,A1-A2,4.239,81.785,19.58,HEALTHY
2026-09-08T08:53:00,A3,Zone_A,A2-A3,3.859,66.094,19.62,HEALTHY
2026-09-08T08:53:00,B1,Zone_B,R-B1,4.39,185.874,19.3,HEALTHY
2026-09-08T08:53:00,B2,Zone_B,B1-B2,4.44,174.21,19.43,HEALTHY
2026-09-08T08:53:00,B3,Zone_B,B2-B3,3.986,165.528,19.43,HEALTHY
2026-09-08T08:53:00,B4,Zone_B,B3-B4,4.009,137.003,19.61,HEALTHY
2026-09-08T08:53:00,C1,Zone_C,R-C1,3.809,99.063,19.38,HEALTHY
2026-09-08T08:53:00,C2,Zone_C,C1-C2,3.691,95.506,19.48,HEALTHY
2026-09-08T08:53:00,C3,Zone_C,C2-C3,3.543,84.646,19.55,HEALTHY
2026-09-08T08:54:00,A1,Zone_A,R-A1,4.337,91.538,19.45,HEALTHY
2026-09-08T08:54:00,A2,Zone_A,A1-A2,4.295,78.787,19.33,HEALTHY
2026-09-08T08:54:00,A3,Zone_A,A2-A3,3.791,64.991,19.59,HEALTHY
2026-09-08T08:54:00,B1,Zone_B,R-B1,4.387,179.105,19.54,HEALTHY
2026-09-08T08:54:00,B2,Zone_B,B1-B2,4.4,162.253,19.44,HEALTHY
2026-09-08T08:54:00,B3,Zone_B,B2-B3,3.914,158.153,19.38,HEALTHY
2026-09-08T08:54:00,B4,Zone_B,B3-B4,4.094,133.0,19.48,HEALTHY
2026-09-08T08:54:00,C1,Zone_C,R-C1,3.746,103.146,19.49,HEALTHY
2026-09-08T08:54:00,C2,Zone_C,C1-C2,3.642,98.069,19.47,HEALTHY
2026-09-08T08:54:00,C3,Zone_C,C2-C3,3.473,84.761,19.6,HEALTHY
2026-09-08T08:55:00,A1,Zone_A,R-A1,4.45,92.183,19.43,HEALTHY
2026-09-08T08:55:00,A2,Zone_A,A1-A2,4.38,81.658,19.46,HEALTHY
2026-09-08T08:55:00,A3,Zone_A,A2-A3,3.899,63.85,19.42,HEALTHY
2026-09-08T08:55:00,B1,Zone_B,R-B1,4.412,182.668,19.52,HEALTHY
2026-09-08T08:55:00,B2,Zone_B,B1-B2,4.385,170.789,19.46,HEALTHY
2026-09-08T08:55:00,B3,Zone_B,B2-B3,4.092,159.491,19.67,HEALTHY
2026-09-08T08:55:00,B4,Zone_B,B3-B4,4.184,135.787,19.42,HEALTHY
2026-09-08T08:55:00,C1,Zone_C,R-C1,3.88,104.156,19.53,HEALTHY
2026-09-08T08:55:00,C2,Zone_C,C1-C2,3.57,96.561,19.55,HEALTHY
2026-09-08T08:55:00,C3,Zone_C,C2-C3,3.487,85.866,19.6,HEALTHY
2026-09-08T08:56:00,A1,Zone_A,R-A1,4.517,89.809,19.5,HEALTHY
2026-09-08T08:56:00,A2,Zone_A,A1-A2,4.289,79.918,19.54,HEALTHY
2026-09-08T08:56:00,A3,Zone_A,A2-A3,3.785,66.37,19.52,HEALTHY
2026-09-08T08:56:00,B1,Zone_B,R-B1,4.319,178.383,19.62,HEALTHY
2026-09-08T08:56:00,B2,Zone_B,B1-B2,4.339,162.01,19.57,HEALTHY
2026-09-08T08:56:00,B3,Zone_B,B2-B3,3.981,160.34,19.59,HEALTHY
2026-09-08T08:56:00,B4,Zone_B,B3-B4,3.976,133.282,19.47,HEALTHY
2026-09-08T08:56:00,C1,Zone_C,R-C1,3.712,102.695,19.28,HEALTHY
2026-09-08T08:56:00,C2,Zone_C,C1-C2,3.683,96.329,19.44,HEALTHY
2026-09-08T08:56:00,C3,Zone_C,C2-C3,3.67,86.041,19.38,HEALTHY
2026-09-08T08:57:00,A1,Zone_A,R-A1,4.447,89.69,19.46,HEALTHY
2026-09-08T08:57:00,A2,Zone_A,A1-A2,4.399,80.298,19.55,HEALTHY
2026-09-08T08:57:00,A3,Zone_A,A2-A3,3.876,65.553,19.33,HEALTHY
2026-09-08T08:57:00,B1,Zone_B,R-B1,4.392,177.239,19.61,HEALTHY
2026-09-08T08:57:00,B2,Zone_B,B1-B2,4.653,170.711,19.37,HEALTHY
2026-09-08T08:57:00,B3,Zone_B,B2-B3,3.911,165.758,19.59,HEALTHY
2026-09-08T08:57:00,B4,Zone_B,B3-B4,4.141,130.956,19.64,HEALTHY
2026-09-08T08:57:00,C1,Zone_C,R-C1,3.815,106.221,19.57,HEALTHY
2026-09-08T08:57:00,C2,Zone_C,C1-C2,3.717,98.269,19.6,HEALTHY
2026-09-08T08:57:00,C3,Zone_C,C2-C3,3.559,88.099,19.57,HEALTHY
2026-09-08T08:58:00,A1,Zone_A,R-A1,4.264,90.886,19.53,HEALTHY
2026-09-08T08:58:00,A2,Zone_A,A1-A2,4.344,77.014,19.38,HEALTHY
2026-09-08T08:58:00,A3,Zone_A,A2-A3,3.84,68.191,19.39,HEALTHY
2026-09-08T08:58:00,B1,Zone_B,R-B1,4.433,181.09,19.49,HEALTHY
2026-09-08T08:58:00,B2,Zone_B,B1-B2,4.583,165.529,19.46,HEALTHY
2026-09-08T08:58:00,B3,Zone_B,B2-B3,4.172,166.757,19.52,HEALTHY
2026-09-08T08:58:00,B4,Zone_B,B3-B4,4.15,133.293,19.42,HEALTHY
2026-09-08T08:58:00,C1,Zone_C,R-C1,3.772,102.284,19.7,HEALTHY
2026-09-08T08:58:00,C2,Zone_C,C1-C2,3.752,96.604,19.42,HEALTHY
2026-09-08T08:58:00,C3,Zone_C,C2-C3,3.594,85.133,19.54,HEALTHY
2026-09-08T08:59:00,A1,Zone_A,R-A1,4.39,93.466,19.49,HEALTHY
2026-09-08T08:59:00,A2,Zone_A,A1-A2,4.477,77.171,19.44,HEALTHY
2026-09-08T08:59:00,A3,Zone_A,A2-A3,3.829,65.645,19.36,HEALTHY
2026-09-08T08:59:00,B1,Zone_B,R-B1,4.242,184.28,19.53,HEALTHY
2026-09-08T08:59:00,B2,Zone_B,B1-B2,4.502,163.052,19.67,HEALTHY
2026-09-08T08:59:00,B3,Zone_B,B2-B3,4.046,158.566,19.37,HEALTHY
2026-09-08T08:59:00,B4,Zone_B,B3-B4,4.083,128.73,19.51,HEALTHY
2026-09-08T08:59:00,C1,Zone_C,R-C1,3.749,101.492,19.45,HEALTHY
2026-09-08T08:59:00,C2,Zone_C,C1-C2,3.543,92.007,19.47,HEALTHY
2026-09-08T08:59:00,C3,Zone_C,C2-C3,3.702,88.451,19.52,HEALTHY
